{"bounds":{"east":114.00006294250488,"north":35.00012397766113,"south":33.99968147277832,"west":112.99962043762207},"contentType":"quantizedmesh","latLonBounds":{"east":114.00006294250488,"north":35.00012397766113,"south":33.99968147277832,"west":112.99962043762207},"maxzoom":14,"minzoom":0,"proj":4326,"tiletrans":"tms","type":"terrain","ziped":false}